,dose_bins,coverage
0,0.0,100.0
1,0.1,42.98093587521664
2,0.2,36.547763780749634
3,0.30000000000000004,30.600895005044105
4,0.4,23.373599937918726
5,0.5,17.72161721720686
6,0.6000000000000001,13.617786285211722
7,0.7000000000000001,10.701259732533174
8,0.8,8.569802633280736
9,0.9,7.205307948989886
10,1.0,6.457745932383145
11,1.1,6.112418841666882
12,1.2000000000000002,5.9158281383377735
13,1.3,5.734757753692542
14,1.4000000000000001,5.596368245427972
15,1.5,5.538167050363434
16,1.6,5.4178845805633875
17,1.7000000000000002,5.3454564267052955
18,1.8,5.244574355260094
19,1.9000000000000001,5.204480198660079
20,2.0,5.165679401950387
21,2.1,5.1307586849116635
22,2.2,5.106184846995525
23,2.3000000000000003,5.013062934892263
24,2.4000000000000004,4.988489096976124
25,2.5,4.983315657414832
26,2.6,4.934167981582555
27,2.7,4.918647662898678
28,2.8000000000000003,4.918647662898678
29,2.9000000000000004,4.918647662898678
30,3.0,4.882433585969632
31,3.1,4.84363278925994
32,3.2,4.833285910137355
33,3.3000000000000003,4.825525750795416
34,3.4000000000000004,4.8164722315631545
35,3.5,4.799658552988955
36,3.6,4.75956439638894
37,3.7,4.7246436793502165
38,3.8000000000000003,4.707830000776016
39,3.9000000000000004,4.707830000776016
40,4.0,4.707830000776016
41,4.1000000000000005,4.707830000776016
42,4.2,4.707830000776016
43,4.3,4.707830000776016
44,4.4,4.707830000776016
45,4.5,4.707830000776016
46,4.6000000000000005,4.692309682092139
47,4.7,4.67549600351794
48,4.800000000000001,4.653508885382447
49,4.9,4.631521767246954
50,5.0,4.6211748881243695
51,5.1000000000000005,4.616001448563077
52,5.2,4.612121368892108
53,5.300000000000001,4.608241289221138
54,5.4,4.601774489769523
55,5.5,4.596601050208231
56,5.6000000000000005,4.590134250756615
57,5.7,4.582374091414677
58,5.800000000000001,4.5668537727308
59,5.9,4.5668537727308
60,6.0,4.5668537727308
61,6.1000000000000005,4.5668537727308
62,6.2,4.565560412840477
63,6.300000000000001,4.561680333169508
64,6.4,4.552626813937246
65,6.5,4.546160014485631
66,6.6000000000000005,4.5371064952533695
67,6.7,4.5293463359114305
68,6.800000000000001,4.522879536459815
69,6.9,4.5099459375565845
70,7.0,4.499599058434
71,7.1000000000000005,4.497012338653353
72,7.2,4.49571897876303
73,7.300000000000001,4.487958819421093
74,7.4,4.480198660079154
75,7.5,4.476318580408185
76,7.6000000000000005,4.472438500737215
77,7.7,4.469851780956569
78,7.800000000000001,4.4659717012856
79,7.9,4.458211541943661
80,8.0,4.456918182053339
81,8.1,4.450451382601723
82,8.200000000000001,4.443984583150107
83,8.3,4.436224423808169
84,8.4,4.4297576243565535
85,8.5,4.42846426446623
86,8.6,4.42846426446623
87,8.700000000000001,4.4258775446855845
88,8.8,4.424584184795261
89,8.9,4.420704105124292
90,9.0,4.415530665562999
91,9.1,4.410357226001707
92,9.200000000000001,4.405183786440415
93,9.3,4.401303706769446
94,9.4,4.397423627098476
95,9.5,4.392250187537184
96,9.600000000000001,4.387076747975891
97,9.700000000000001,4.379316588633953
98,9.8,4.372849789182338
99,9.9,4.363796269950076
100,10.0,4.350862671046846
101,10.100000000000001,4.336635712253291
102,10.200000000000001,4.327582193021031
103,10.3,4.313355234227476
104,10.4,4.308181794666184
105,10.5,4.301714995214569
106,10.600000000000001,4.295248195762953
107,10.700000000000001,4.292661475982307
108,10.8,4.290074756201661
109,10.9,4.286194676530691
110,11.0,4.286194676530691
111,11.100000000000001,4.286194676530691
112,11.200000000000001,4.286194676530691
113,11.3,4.284901316640368
114,11.4,4.282314596859722
115,11.5,4.279727877079075
116,11.600000000000001,4.275847797408107
117,11.700000000000001,4.265500918285523
118,11.8,4.262914198504876
119,11.9,4.252567319382291
120,12.0,4.237047000698414
121,12.100000000000001,4.2228200419048605
122,12.200000000000001,4.20600636333066
123,12.3,4.182725885304845
124,12.4,4.151685247937091
125,12.5,4.124524690240306
126,12.600000000000001,4.098657492433844
127,12.700000000000001,4.065030135285444
128,12.8,4.030109418246721
129,12.9,3.9926019814273515
130,13.0,3.9486277451563674
131,13.100000000000001,3.9072402286660286
132,13.200000000000001,3.855505833053105
133,13.3,3.8050647973305054
134,13.4,3.7559171214982285
135,13.5,3.6990092863240127
136,13.600000000000001,3.6395147313691507
137,13.700000000000001,3.5709666571820273
138,13.8,3.5282857808013657
139,13.9,3.4519775472723038
140,14.0,3.3808427533045347
141,14.100000000000001,3.3213481983496727
142,14.200000000000001,3.2528001241625493
143,14.3,3.18166533019478
144,14.4,3.106650456556041
145,14.5,3.038102382368918
146,14.600000000000001,2.9669675884011486
147,14.700000000000001,2.882899195530148
148,14.8,2.7988308026591477
149,14.9,2.713469049897825
150,15.0,2.6371608163687625
151,15.100000000000001,2.560852582839701
152,15.200000000000001,2.48066426963967
153,15.3,2.401769316329962
154,15.4,2.3332212421428387
155,15.5,2.2750200470783
156,15.600000000000001,2.2181122119040846
157,15.700000000000001,2.146977417936315
158,15.8,2.081016063529838
159,15.9,2.0254015882459453
160,16.0,1.9646136734007607
161,16.1,1.9128792777878372
162,16.2,1.8469179233813602
163,16.3,1.7951835277684367
164,16.400000000000002,1.7369823327038982
165,16.5,1.6955948162135595
166,16.6,1.637393621149021
167,16.7,1.5791924260844823
168,16.8,1.5158177914586513
169,16.900000000000002,1.4614966760650818
170,17.0,1.3994154013295739
171,17.1,1.3438009260456816
172,17.2,1.2804262914198505
173,17.3,1.1963578985488503
174,17.400000000000002,1.1381567034843114
175,17.5,1.083835588090742
176,17.6,1.0088207144520034
177,17.7,0.9506195193874647
178,17.8,0.8743112858584029
179,17.900000000000002,0.8031764918906334
180,18.0,0.7475620166067409
181,18.1,0.6751338627486485
182,18.2,0.6130525880131406
183,18.3,0.5496779533873095
184,18.400000000000002,0.49923691766470935
185,18.5,0.4487958819421092
186,18.6,0.39188804676789357
187,18.7,0.349207170387232
188,18.8,0.30911301378721645
189,18.900000000000002,0.270312217077524
190,19.0,0.23021806047750845
191,19.1,0.19788406321943142
192,19.200000000000003,0.17589694508393905
193,19.3,0.15520318683876977
194,19.400000000000002,0.1383895082645697
195,19.5,0.12157582969036965
196,19.6,0.10088207144520034
197,19.700000000000003,0.09182855221293877
198,19.8,0.07760159341938488
199,19.900000000000002,0.07113479396776946
200,20.0,0.05820119506453866
201,20.1,0.04914767583227709
202,20.200000000000003,0.04268087638066168
203,20.3,0.031040637367753955
204,20.400000000000002,0.027160557696784705
205,20.5,0.0206937582451693
206,20.6,0.015520318683876978
207,20.700000000000003,0.014226958793553894
208,20.8,0.01034687912258465
209,20.900000000000002,0.007760159341938489
210,21.0,0.006466799451615406
211,21.1,0.0
212,21.200000000000003,0.0
213,21.3,0.0
214,21.400000000000002,0.0
215,21.5,0.0
216,21.6,0.0
217,21.700000000000003,0.0
218,21.8,0.0
219,21.900000000000002,0.0
220,22.0,0.0
221,22.1,0.0
222,22.200000000000003,0.0
223,22.3,0.0
224,22.400000000000002,0.0
225,22.5,0.0
226,22.6,0.0
227,22.700000000000003,0.0
228,22.8,0.0
229,22.900000000000002,0.0
230,23.0,0.0
231,23.1,0.0
232,23.200000000000003,0.0
233,23.3,0.0
234,23.400000000000002,0.0
235,23.5,0.0
236,23.6,0.0
237,23.700000000000003,0.0
238,23.8,0.0
239,23.900000000000002,0.0
240,24.0,0.0
241,24.1,0.0
242,24.200000000000003,0.0
243,24.3,0.0
244,24.400000000000002,0.0
245,24.5,0.0
246,24.6,0.0
247,24.700000000000003,0.0
248,24.8,0.0
249,24.900000000000002,0.0
250,25.0,0.0
251,25.1,0.0
252,25.200000000000003,0.0
253,25.3,0.0
254,25.400000000000002,0.0
255,25.5,0.0
256,25.6,0.0
257,25.700000000000003,0.0
258,25.8,0.0
259,25.900000000000002,0.0
260,26.0,0.0
261,26.1,0.0
262,26.200000000000003,0.0
263,26.3,0.0
264,26.400000000000002,0.0
265,26.5,0.0
266,26.6,0.0
267,26.700000000000003,0.0
268,26.8,0.0
269,26.900000000000002,0.0
270,27.0,0.0
271,27.1,0.0
272,27.200000000000003,0.0
273,27.3,0.0
274,27.400000000000002,0.0
275,27.5,0.0
276,27.6,0.0
277,27.700000000000003,0.0
278,27.8,0.0
279,27.900000000000002,0.0
280,28.0,0.0
281,28.1,0.0
282,28.200000000000003,0.0
283,28.3,0.0
284,28.400000000000002,0.0
285,28.5,0.0
286,28.6,0.0
287,28.700000000000003,0.0
288,28.8,0.0
289,28.900000000000002,0.0
290,29.0,0.0
291,29.1,0.0
292,29.200000000000003,0.0
293,29.3,0.0
294,29.400000000000002,0.0
295,29.5,0.0
296,29.6,0.0
297,29.700000000000003,0.0
298,29.8,0.0
299,29.900000000000002,0.0
300,30.0,0.0
301,30.1,0.0
302,30.200000000000003,0.0
303,30.3,0.0
304,30.400000000000002,0.0
305,30.5,0.0
306,30.6,0.0
307,30.700000000000003,0.0
308,30.8,0.0
309,30.900000000000002,0.0
310,31.0,0.0
311,31.1,0.0
312,31.200000000000003,0.0
313,31.3,0.0
314,31.400000000000002,0.0
315,31.5,0.0
316,31.6,0.0
317,31.700000000000003,0.0
318,31.8,0.0
319,31.900000000000002,0.0
320,32.0,0.0
321,32.1,0.0
322,32.2,0.0
323,32.300000000000004,0.0
324,32.4,0.0
325,32.5,0.0
326,32.6,0.0
327,32.7,0.0
328,32.800000000000004,0.0
329,32.9,0.0
330,33.0,0.0
331,33.1,0.0
332,33.2,0.0
333,33.300000000000004,0.0
334,33.4,0.0
335,33.5,0.0
336,33.6,0.0
337,33.7,0.0
338,33.800000000000004,0.0
339,33.9,0.0
340,34.0,0.0
341,34.1,0.0
342,34.2,0.0
343,34.300000000000004,0.0
344,34.4,0.0
345,34.5,0.0
346,34.6,0.0
347,34.7,0.0
348,34.800000000000004,0.0
349,34.9,0.0
350,35.0,0.0
351,35.1,0.0
352,35.2,0.0
353,35.300000000000004,0.0
354,35.4,0.0
355,35.5,0.0
356,35.6,0.0
357,35.7,0.0
358,35.800000000000004,0.0
359,35.9,0.0
360,36.0,0.0
361,36.1,0.0
362,36.2,0.0
363,36.300000000000004,0.0
364,36.4,0.0
365,36.5,0.0
366,36.6,0.0
367,36.7,0.0
368,36.800000000000004,0.0
369,36.9,0.0
370,37.0,0.0
371,37.1,0.0
372,37.2,0.0
373,37.300000000000004,0.0
374,37.4,0.0
375,37.5,0.0
376,37.6,0.0
377,37.7,0.0
378,37.800000000000004,0.0
379,37.9,0.0
380,38.0,0.0
381,38.1,0.0
382,38.2,0.0
383,38.300000000000004,0.0
384,38.400000000000006,0.0
385,38.5,0.0
386,38.6,0.0
387,38.7,0.0
388,38.800000000000004,0.0
389,38.900000000000006,0.0
390,39.0,0.0
391,39.1,0.0
392,39.2,0.0
393,39.300000000000004,0.0
394,39.400000000000006,0.0
395,39.5,0.0
396,39.6,0.0
397,39.7,0.0
398,39.800000000000004,0.0
399,39.900000000000006,0.0
400,40.0,0.0
401,40.1,0.0
402,40.2,0.0
403,40.300000000000004,0.0
404,40.400000000000006,0.0
405,40.5,0.0
406,40.6,0.0
407,40.7,0.0
408,40.800000000000004,0.0
409,40.900000000000006,0.0
410,41.0,0.0
411,41.1,0.0
412,41.2,0.0
413,41.300000000000004,0.0
414,41.400000000000006,0.0
415,41.5,0.0
416,41.6,0.0
417,41.7,0.0
418,41.800000000000004,0.0
419,41.900000000000006,0.0
420,42.0,0.0
421,42.1,0.0
422,42.2,0.0
423,42.300000000000004,0.0
424,42.400000000000006,0.0
425,42.5,0.0
426,42.6,0.0
427,42.7,0.0
428,42.800000000000004,0.0
429,42.900000000000006,0.0
430,43.0,0.0
431,43.1,0.0
432,43.2,0.0
433,43.300000000000004,0.0
434,43.400000000000006,0.0
435,43.5,0.0
436,43.6,0.0
437,43.7,0.0
438,43.800000000000004,0.0
439,43.900000000000006,0.0
440,44.0,0.0
441,44.1,0.0
442,44.2,0.0
443,44.300000000000004,0.0
444,44.400000000000006,0.0
445,44.5,0.0
446,44.6,0.0
447,44.7,0.0
448,44.800000000000004,0.0
449,44.900000000000006,0.0
450,45.0,0.0
451,45.1,0.0
452,45.2,0.0
453,45.300000000000004,0.0
454,45.400000000000006,0.0
455,45.5,0.0
456,45.6,0.0
457,45.7,0.0
458,45.800000000000004,0.0
459,45.900000000000006,0.0
460,46.0,0.0
461,46.1,0.0
462,46.2,0.0
463,46.300000000000004,0.0
464,46.400000000000006,0.0
465,46.5,0.0
466,46.6,0.0
467,46.7,0.0
468,46.800000000000004,0.0
469,46.900000000000006,0.0
470,47.0,0.0
471,47.1,0.0
472,47.2,0.0
473,47.300000000000004,0.0
474,47.400000000000006,0.0
475,47.5,0.0
476,47.6,0.0
477,47.7,0.0
478,47.800000000000004,0.0
479,47.900000000000006,0.0
480,48.0,0.0
481,48.1,0.0
482,48.2,0.0
483,48.300000000000004,0.0
484,48.400000000000006,0.0
485,48.5,0.0
486,48.6,0.0
487,48.7,0.0
488,48.800000000000004,0.0
489,48.900000000000006,0.0
490,49.0,0.0
491,49.1,0.0
492,49.2,0.0
493,49.300000000000004,0.0
494,49.400000000000006,0.0
495,49.5,0.0
496,49.6,0.0
497,49.7,0.0
498,49.800000000000004,0.0
499,49.900000000000006,0.0
500,50.0,0.0
501,50.1,0.0
502,50.2,0.0
503,50.300000000000004,0.0
504,50.400000000000006,0.0
505,50.5,0.0
506,50.6,0.0
507,50.7,0.0
508,50.800000000000004,0.0
509,50.900000000000006,0.0
510,51.0,0.0
511,51.1,0.0
512,51.2,0.0
513,51.300000000000004,0.0
514,51.400000000000006,0.0
515,51.5,0.0
516,51.6,0.0
517,51.7,0.0
518,51.800000000000004,0.0
519,51.900000000000006,0.0
520,52.0,0.0
521,52.1,0.0
522,52.2,0.0
523,52.300000000000004,0.0
524,52.400000000000006,0.0
525,52.5,0.0
526,52.6,0.0
527,52.7,0.0
528,52.800000000000004,0.0
529,52.900000000000006,0.0
530,53.0,0.0
531,53.1,0.0
532,53.2,0.0
533,53.300000000000004,0.0
534,53.400000000000006,0.0
535,53.5,0.0
536,53.6,0.0
537,53.7,0.0
538,53.800000000000004,0.0
539,53.900000000000006,0.0
540,54.0,0.0
541,54.1,0.0
542,54.2,0.0
543,54.300000000000004,0.0
544,54.400000000000006,0.0
545,54.5,0.0
546,54.6,0.0
547,54.7,0.0
548,54.800000000000004,0.0
549,54.900000000000006,0.0
550,55.0,0.0
551,55.1,0.0
552,55.2,0.0
553,55.300000000000004,0.0
554,55.400000000000006,0.0
555,55.5,0.0
556,55.6,0.0
557,55.7,0.0
558,55.800000000000004,0.0
559,55.900000000000006,0.0
560,56.0,0.0
561,56.1,0.0
562,56.2,0.0
563,56.300000000000004,0.0
564,56.400000000000006,0.0
565,56.5,0.0
566,56.6,0.0
567,56.7,0.0
568,56.800000000000004,0.0
569,56.900000000000006,0.0
570,57.0,0.0
571,57.1,0.0
572,57.2,0.0
573,57.300000000000004,0.0
574,57.400000000000006,0.0
575,57.5,0.0
576,57.6,0.0
577,57.7,0.0
578,57.800000000000004,0.0
579,57.900000000000006,0.0
580,58.0,0.0
581,58.1,0.0
582,58.2,0.0
583,58.300000000000004,0.0
584,58.400000000000006,0.0
585,58.5,0.0
586,58.6,0.0
587,58.7,0.0
588,58.800000000000004,0.0
589,58.900000000000006,0.0
590,59.0,0.0
591,59.1,0.0
592,59.2,0.0
593,59.300000000000004,0.0
594,59.400000000000006,0.0
595,59.5,0.0
596,59.6,0.0
597,59.7,0.0
598,59.800000000000004,0.0
599,59.900000000000006,0.0
600,60.0,0.0
601,60.1,0.0
602,60.2,0.0
603,60.300000000000004,0.0
604,60.400000000000006,0.0
605,60.5,0.0
606,60.6,0.0
607,60.7,0.0
608,60.800000000000004,0.0
609,60.900000000000006,0.0
610,61.0,0.0
611,61.1,0.0
612,61.2,0.0
613,61.300000000000004,0.0
614,61.400000000000006,0.0
615,61.5,0.0
616,61.6,0.0
617,61.7,0.0
618,61.800000000000004,0.0
619,61.900000000000006,0.0
620,62.0,0.0
621,62.1,0.0
622,62.2,0.0
623,62.300000000000004,0.0
624,62.400000000000006,0.0
625,62.5,0.0
626,62.6,0.0
627,62.7,0.0
628,62.800000000000004,0.0
629,62.900000000000006,0.0
630,63.0,0.0
631,63.1,0.0
632,63.2,0.0
633,63.300000000000004,0.0
634,63.400000000000006,0.0
635,63.5,0.0
636,63.6,0.0
637,63.7,0.0
638,63.800000000000004,0.0
639,63.900000000000006,0.0
640,64.0,0.0
641,64.10000000000001,0.0
642,64.2,0.0
643,64.3,0.0
644,64.4,0.0
645,64.5,0.0
646,64.60000000000001,0.0
647,64.7,0.0
648,64.8,0.0
649,64.9,0.0
650,65.0,0.0
651,65.10000000000001,0.0
652,65.2,0.0
653,65.3,0.0
654,65.4,0.0
655,65.5,0.0
656,65.60000000000001,0.0
657,65.7,0.0
658,65.8,0.0
659,65.9,0.0
660,66.0,0.0
